
Q.1)

create table Deposit(actno varchar(25),cname varchar(20),bname varchar(20), amount int, adate Date);
create table Branch(bname varchar(20),city varchar(20));
create table customer(cname varchar(20),city varchar(20));
create table Borrow(loanno varchar(5), cname varchar(20), bname varchar(20),amount int);
------------------------------------------------------------------------------------------------------------
Q.2)

| Field  | Type        | Null | Key | Default | Extra |
+--------+-------------+------+-----+---------+-------+
| actno  | varchar(25) | YES  |     | NULL    |       |
| cname  | varchar(20) | YES  |     | NULL    |       |
| bname  | varchar(20) | YES  |     | NULL    |       |
| amount | int         | YES  |     | NULL    |       |
| adate  | date        | YES  |     | NULL    |       |
+--------+-------------+------+-----+---------+-------+

 desc Branch; desc customer; desc Borrow;
+-------+-------------+------+-----+---------+-------+
| Field | Type        | Null | Key | Default | Extra |
+-------+-------------+------+-----+---------+-------+
| bname | varchar(20) | YES  |     | NULL    |       |
| city  | varchar(20) | YES  |     | NULL    |       |
+-------+-------------+------+-----+---------+-------+
2 rows in set (0.00 sec)

+-------+-------------+------+-----+---------+-------+
| Field | Type        | Null | Key | Default | Extra |
+-------+-------------+------+-----+---------+-------+
| cname | varchar(20) | YES  |     | NULL    |       |
| city  | varchar(20) | YES  |     | NULL    |       |
+-------+-------------+------+-----+---------+-------+
2 rows in set (0.00 sec)

+--------+-------------+------+-----+---------+-------+
| Field  | Type        | Null | Key | Default | Extra |
+--------+-------------+------+-----+---------+-------+
| loanno | varchar(5)  | YES  |     | NULL    |       |
| cname  | varchar(20) | YES  |     | NULL    |       |
| bname  | varchar(20) | YES  |     | NULL    |       |
| amount | int         | YES  |     | NULL    |       |
+--------+-------------+------+-----+---------+-------+

---------------------------------------------------------------------------------------------------------
Q.3)

+-------+---------+-----------+--------+------------+
| actno | cname   | bname     | amount | adate      |
+-------+---------+-----------+--------+------------+
| 100   | Anil    | VRCE      |  10000 | 1995-03-01 |
| 101   | Sunil   | MGroad    |   5000 | 1996-01-04 |
| 102   | Rahuk   | KarolBagh |   3500 | 1995-11-17 |
| 103   | Madhuri | Chandani  |   1200 | 1995-12-17 |
| 104   | Pramod  | MGRoad    |   3000 | 1996-03-27 |
| 105   | Sandip  | Karolbagh |   2000 | 1996-03-31 |
+-------+---------+-----------+--------+------------+
6 rows in set (0.00 sec)

+-----------+----------+
| bname     | city     |
+-----------+----------+
| VRCE      | Nagpur   |
| Karolbagh | Delhi    |
| Chandni   | Delhi    |
| MGRoad    | Banglore |
+-----------+----------+
4 rows in set (0.00 sec)

+---------+---------+
| cname   | city    |
+---------+---------+
| Anil    | Calcuta |
| Rahul   | Baroda  |
| Madhuri | Nagpur  |
| Pramod  | Nagpur  |
| Sunil   | Delhi   |
+---------+---------+
5 rows in set (0.00 sec)

+--------+---------+-----------+--------+
| loanno | cname   | bname     | amount |
+--------+---------+-----------+--------+
| 201    | Anil    | VRCE      |   1000 |
| 206    | Rahul   | Karolbagh |   5000 |
| 311    | Sunil   | MGRoad    |   3000 |
| 321    | Madhuri | Chandni   |   2000 |
| 375    | Pramod  | MGRoad    |   8000 |
+--------+---------+-----------+--------+


-----------------------------------------------------------------------------------------------------
Q.4)
 select * from borrow where amount between 2000 and 3000;
------------------------------------------------------------------------------------------------------

Q.5)
 select * from deposit;
---------------------------------------------------------------------------------------------------

Q.6)
select cname , actno from deposit;
------------------------------------------------------------------------------------------------------
Q.7)
select cname from customer where city="Nagpur";
------------------------------------------------------------------------------------------------------
Q.8)
 select cname from Deposit where adate>'95-11-17';
------------------------------------------------------------------------------------------------------
Q.9)
select actno,amount from Deposit where adate between '95-12-01' and '96-06-01';
------------------------------------------------------------------------------------------------------
Q.10)
select * from deposit where cname like 'C%'
------------------------------------------------------------------------------------------------------
Q.11)
select * from borrow where cname like '_u%';
------------------------------------------------------------------------------------------------------
Q.12)
 select * from deposit where bname="Chandni" or bname="MGRoad";
------------------------------------------------------------------------------------------------------
Q.13)
select * from deposit where bname<>"Chandni" or bname<>"MGRoad"
select * from deposit where bname!="Chandni" or bname!="MGRoad"
------------------------------------------------------------------------------------------------------
Q.14)
select * from deposit where amount>1000 order by cname;
------------------------------------------------------------------------------------------------------
Q.15)
select * from deposit where amount>1000 order by cname DESC;
------------------------------------------------------------------------------------------------------
Q.16)
select * from borrow where cname like '__a%' or  '__d%';
------------------------------------------------------------------------------------------------------
Q.17)
select * from borrow where amount<2000 and amount>8000;
------------------------------------------------------------------------------------------------------
Q.18)
select Distinct * from deposit;
------------------------------------------------------------------------------------------------------
Q.19)
update deposit set amount=amount*0.1;
------------------------------------------------------------------------------------------------------
Q.20)
 update deposit set amount=amount*0.1 where bname="VRCE";
------------------------------------------------------------------------------------------------------















